<?xml version="1.0" encoding="utf-8"?>
<gpc defaultLocale="sv_SE" version="2" keySequence="66" currentLocale="sv_SE">
  <target id="PHSP-12"/>
  <ConfiguratorPanel name="Tych Panel" width="222" height="220" init="doInit" close="doClose" persistent="False">
    <onInit><![CDATA[]]></onInit>
    <onClose><![CDATA[]]></onClose>
    <eventListeners>
      <function id="doInit" actionType="jsfunction" jsFunctionName="invoke_script">
        <param id="onInit"/>
      </function>
      <function id="doClose" actionType="jsfunction" jsFunctionName="invoke_script">
        <param id="onClose"/>
      </function>
    </eventListeners>
    <html _itemId="widget_html" toolTip="$$$/Configurator/Widget/HTML/desc" backwardToolTip="$$$/Configurator/Widget/HTML/backwardToolTip" forwardToolTip="$$$/Configurator/Widget/HTML/forwardToolTip" browseListToolTip="$$$/Configurator/Widget/HTML/browseListToolTip" locationTextToolTip="$$$/Configurator/Widget/HTML/locationTextToolTip" offlinePromptTitle="$$$/Configurator/Widget/HTML/offlinePromptTitle" offlinePromptDetail="$$$/Configurator/Widget/HTML/offlinePromptDetail" netUnAvailablePromptTitle="$$$/Configurator/Widget/HTML/netUnAvailablePromptTitle" netUnAvailablePromptDetail="$$$/Configurator/Widget/HTML/netUnAvailablePromptDetail" loadingText="$$$/Configurator/Widget/HTML/loadingText" homeText="$$$/Configurator/Widget/HTML/homeText" reloadText="$$$/Configurator/Widget/HTML/reloadText" reloadLabel="$$$/Configurator/Widget/HTML/reloadLabel" escCloseText="$$$/Configurator/Widget/HTML/escCloseText" showNavBar="$$$/Configurator/Attribute/showNavBar/value###36" location="$$$/Configurator/key_###37" homeLocation="$$$/Configurator/key_###38" width="234" height="178" cfgVisible="$$$/Configurator/Attribute/visible/value###39" top="0" bottom="0" left="0" right="0">
      <htmlText><![CDATA[$$$/Configurator/key_###40]]></htmlText>
    </html>
  </ConfiguratorPanel>
  <images/>
  <scripts/>
  <elements>
    <element id="ConfiguratorPanel" classRT="com.adobe.configurator2.component.panel.PanelRuntime">
      <attr id="name" meta="UI_ACCESSOR" translate="y"/>
      <attr id="minWidth" meta="UI_ACCESSOR" translate="y"/>
      <attr id="minHeight" meta="UI_ACCESSOR" translate="y"/>
      <attr id="maxWidth" meta="UI_ACCESSOR" translate="y"/>
      <attr id="maxHeight" meta="UI_ACCESSOR" translate="y"/>
      <attr id="persistent" meta="Other" translate="y"/>
      <attr id="init" meta="EVENT" translate="y"/>
      <attr id="close" meta="EVENT" translate="y"/>
      <attr id="onInit" meta="UI_ACCESSOR" translate="y"/>
      <attr id="width" meta="UI_ACCESSOR" translate="y"/>
      <attr id="height" meta="UI_ACCESSOR" translate="y"/>
    </element>
    <element id="html" classRT="com.adobe.configurator2.component.HTMLRuntime">
      <attr id="htmlText" meta="UI_ACCESSOR" localize="y" translate="y"/>
      <attr id="location" meta="UI_ACCESSOR" localize="y" translate="y"/>
      <attr id="homeLocation" meta="UI_ACCESSOR" localize="y" translate="y"/>
      <attr id="showNavBar" meta="UI_ACCESSOR" localize="y"/>
      <attr id="backwardToolTip" meta="UI_ACCESSOR" translate="y"/>
      <attr id="forwardToolTip" meta="UI_ACCESSOR" translate="y"/>
      <attr id="browseListToolTip" meta="UI_ACCESSOR" translate="y"/>
      <attr id="locationTextToolTip" meta="UI_ACCESSOR" translate="y"/>
      <attr id="offlinePromptTitle" meta="UI_ACCESSOR" translate="y"/>
      <attr id="offlinePromptDetail" meta="UI_ACCESSOR" translate="y"/>
      <attr id="netUnAvailablePromptTitle" meta="UI_ACCESSOR" translate="y"/>
      <attr id="netUnAvailablePromptDetail" meta="UI_ACCESSOR" translate="y"/>
      <attr id="reloadLabel" meta="UI_ACCESSOR" translate="y"/>
      <attr id="reloadText" meta="UI_ACCESSOR" translate="y"/>
      <attr id="homeText" meta="UI_ACCESSOR" translate="y"/>
      <attr id="loadingText" meta="UI_ACCESSOR" translate="y"/>
      <attr id="escCloseText" meta="UI_ACCESSOR" translate="y"/>
      <attr id="top" meta="UI_STYLE" translate="y"/>
      <attr id="bottom" meta="UI_STYLE" translate="y"/>
      <attr id="left" meta="UI_STYLE" translate="y"/>
      <attr id="right" meta="UI_STYLE" translate="y"/>
      <attr id="horizontalCenter" meta="UI_STYLE" translate="y"/>
      <attr id="verticalCenter" meta="UI_STYLE" translate="y"/>
      <attr id="x" meta="UI_ACCESSOR" translate="y"/>
      <attr id="y" meta="UI_ACCESSOR" translate="y"/>
      <attr id="cfgVisible" meta="UI_ACCESSOR" localize="y"/>
      <attr id="width" meta="UI_ACCESSOR" translate="y"/>
      <attr id="height" meta="UI_ACCESSOR" translate="y"/>
    </element>
  </elements>
  <properties>
    <property id="LocaleSearchPath1">${HostProductRoot}/Locales/${LocaleID}/Support Files/Panels/fsPanels.xml</property>
    <property id="LocaleSearchPath2">${HostProductRoot}/Locales/${LocaleID}/Support Files/Panels/${PanelName}/dictionary.xml</property>
  </properties>
</gpc>